"Data Source","World Development Indicators",

"Last Updated Date","2020-03-18",

"Country Name","Country Code","Indicator Name","Indicator Code","1960","1961","1962","1963","1964","1965","1966","1967","1968","1969","1970","1971","1972","1973","1974","1975","1976","1977","1978","1979","1980","1981","1982","1983","1984","1985","1986","1987","1988","1989","1990","1991","1992","1993","1994","1995","1996","1997","1998","1999","2000","2001","2002","2003","2004","2005","2006","2007","2008","2009","2010","2011","2012","2013","2014","2015","2016","2017","2018","2019",
"Aruba","ABW","Total alcohol consumption per capita (liters of pure alcohol, projected estimates, 15+ years of age)","SH.ALC.PCAP.LI","","","","","","","","","","","","","","","","","","","","","","","","","","","","","","","","","","","","","","","","","","","","","","","","","","","","","","","","","","","","",
"Afghanistan","AFG","Total alcohol consumption per capita (liters of pure alcohol, projected estimates, 15+ years of age)","SH.ALC.PCAP.LI","","","","","","","","","","","","","","","","","","","","","","","","","","","","","","","","","","","","","","","","","","","","","","","","","","","0.2","","","","","","0.2","","","",
"Angola","AGO","Total alcohol consumption per capita (liters of pure alcohol, projected estimates, 15+ years of age)","SH.ALC.PCAP.LI","","","","","","","","","","","","","","","","","","","","","","","","","","","","","","","","","","","","","","","","","","","","","","","","","","","9","","","","","","6.4","","","",
"Albania","ALB","Total alcohol consumption per capita (liters of pure alcohol, projected estimates, 15+ years of age)","SH.ALC.PCAP.LI","","","","","","","","","","","","","","","","","","","","","","","","","","","","","","","","","","","","","","","","","","","","","","","","","","","7.9","","","","","","7.5","","","",
"Andorra","AND","Total alcohol consumption per capita (liters of pure alcohol, projected estimates, 15+ years of age)","SH.ALC.PCAP.LI","","","","","","","","","","","","","","","","","","","","","","","","","","","","","","","","","","","","","","","","","","","","","","","","","","","11.4","","","","","","11.3","","","",
"Arab World","ARB","Total alcohol consumption per capita (liters of pure alcohol, projected estimates, 15+ years of age)","SH.ALC.PCAP.LI","","","","","","","","","","","","","","","","","","","","","","","","","","","","","","","","","","","","","","","","","","","","","","","","","","","0.671453554179753","","","","","","0.617288895830425","","","",
"United Arab Emirates","ARE","Total alcohol consumption per capita (liters of pure alcohol, projected estimates, 15+ years of age)","SH.ALC.PCAP.LI","","","","","","","","","","","","","","","","","","","","","","","","","","","","","","","","","","","","","","","","","","","","","","","","","","","3.1","","","","","","3.8","","","",
"Argentina","ARG","Total alcohol consumption per capita (liters of pure alcohol, projected estimates, 15+ years of age)","SH.ALC.PCAP.LI","","","","","","","","","","","","","","","","","","","","","","","","","","","","","","","","","","","","","","","","","","","","","","","","","","","9.3","","","","","","9.8","","","",
"Armenia","ARM","Total alcohol consumption per capita (liters of pure alcohol, projected estimates, 15+ years of age)","SH.ALC.PCAP.LI","","","","","","","","","","","","","","","","","","","","","","","","","","","","","","","","","","","","","","","","","","","","","","","","","","","5.6","","","","","","5.5","","","",
"American Samoa","ASM","Total alcohol consumption per capita (liters of pure alcohol, projected estimates, 15+ years of age)","SH.ALC.PCAP.LI","","","","","","","","","","","","","","","","","","","","","","","","","","","","","","","","","","","","","","","","","","","","","","","","","","","","","","","","","","","","",
"Antigua and Barbuda","ATG","Total alcohol consumption per capita (liters of pure alcohol, projected estimates, 15+ years of age)","SH.ALC.PCAP.LI","","","","","","","","","","","","","","","","","","","","","","","","","","","","","","","","","","","","","","","","","","","","","","","","","","","6.1","","","","","","7","","","",
"Australia","AUS","Total alcohol consumption per capita (liters of pure alcohol, projected estimates, 15+ years of age)","SH.ALC.PCAP.LI","","","","","","","","","","","","","","","","","","","","","","","","","","","","","","","","","","","","","","","","","","","","","","","","","","","12.5","","","","","","10.6","","","",
"Austria","AUT","Total alcohol consumption per capita (liters of pure alcohol, projected estimates, 15+ years of age)","SH.ALC.PCAP.LI","","","","","","","","","","","","","","","","","","","","","","","","","","","","","","","","","","","","","","","","","","","","","","","","","","","12","","","","","","11.6","","","",
"Azerbaijan","AZE","Total alcohol consumption per capita (liters of pure alcohol, projected estimates, 15+ years of age)","SH.ALC.PCAP.LI","","","","","","","","","","","","","","","","","","","","","","","","","","","","","","","","","","","","","","","","","","","","","","","","","","","2.9","","","","","","0.8","","","",
"Burundi","BDI","Total alcohol consumption per capita (liters of pure alcohol, projected estimates, 15+ years of age)","SH.ALC.PCAP.LI","","","","","","","","","","","","","","","","","","","","","","","","","","","","","","","","","","","","","","","","","","","","","","","","","","","7.1","","","","","","7.5","","","",
"Belgium","BEL","Total alcohol consumption per capita (liters of pure alcohol, projected estimates, 15+ years of age)","SH.ALC.PCAP.LI","","","","","","","","","","","","","","","","","","","","","","","","","","","","","","","","","","","","","","","","","","","","","","","","","","","11.4","","","","","","12.1","","","",
"Benin","BEN","Total alcohol consumption per capita (liters of pure alcohol, projected estimates, 15+ years of age)","SH.ALC.PCAP.LI","","","","","","","","","","","","","","","","","","","","","","","","","","","","","","","","","","","","","","","","","","","","","","","","","","","2.4","","","","","","3","","","",
"Burkina Faso","BFA","Total alcohol consumption per capita (liters of pure alcohol, projected estimates, 15+ years of age)","SH.ALC.PCAP.LI","","","","","","","","","","","","","","","","","","","","","","","","","","","","","","","","","","","","","","","","","","","","","","","","","","","7.1","","","","","","8.2","","","",
"Bangladesh","BGD","Total alcohol consumption per capita (liters of pure alcohol, projected estimates, 15+ years of age)","SH.ALC.PCAP.LI","","","","","","","","","","","","","","","","","","","","","","","","","","","","","","","","","","","","","","","","","","","","","","","","","","","0.2","","","","","","0","","","",
"Bulgaria","BGR","Total alcohol consumption per capita (liters of pure alcohol, projected estimates, 15+ years of age)","SH.ALC.PCAP.LI","","","","","","","","","","","","","","","","","","","","","","","","","","","","","","","","","","","","","","","","","","","","","","","","","","","12","","","","","","12.7","","","",
"Bahrain","BHR","Total alcohol consumption per capita (liters of pure alcohol, projected estimates, 15+ years of age)","SH.ALC.PCAP.LI","","","","","","","","","","","","","","","","","","","","","","","","","","","","","","","","","","","","","","","","","","","","","","","","","","","1.9","","","","","","1.9","","","",
"Bahamas, The","BHS","Total alcohol consumption per capita (liters of pure alcohol, projected estimates, 15+ years of age)","SH.ALC.PCAP.LI","","","","","","","","","","","","","","","","","","","","","","","","","","","","","","","","","","","","","","","","","","","","","","","","","","","4.2","","","","","","4.4","","","",
"Bosnia and Herzegovina","BIH","Total alcohol consumption per capita (liters of pure alcohol, projected estimates, 15+ years of age)","SH.ALC.PCAP.LI","","","","","","","","","","","","","","","","","","","","","","","","","","","","","","","","","","","","","","","","","","","","","","","","","","","7.3","","","","","","6.4","","","",
"Belarus","BLR","Total alcohol consumption per capita (liters of pure alcohol, projected estimates, 15+ years of age)","SH.ALC.PCAP.LI","","","","","","","","","","","","","","","","","","","","","","","","","","","","","","","","","","","","","","","","","","","","","","","","","","","17.5","","","","","","11.2","","","",
"Belize","BLZ","Total alcohol consumption per capita (liters of pure alcohol, projected estimates, 15+ years of age)","SH.ALC.PCAP.LI","","","","","","","","","","","","","","","","","","","","","","","","","","","","","","","","","","","","","","","","","","","","","","","","","","","7","","","","","","6.8","","","",
"Bermuda","BMU","Total alcohol consumption per capita (liters of pure alcohol, projected estimates, 15+ years of age)","SH.ALC.PCAP.LI","","","","","","","","","","","","","","","","","","","","","","","","","","","","","","","","","","","","","","","","","","","","","","","","","","","","","","","","","","","","",
"Bolivia","BOL","Total alcohol consumption per capita (liters of pure alcohol, projected estimates, 15+ years of age)","SH.ALC.PCAP.LI","","","","","","","","","","","","","","","","","","","","","","","","","","","","","","","","","","","","","","","","","","","","","","","","","","","5.9","","","","","","4.8","","","",
"Brazil","BRA","Total alcohol consumption per capita (liters of pure alcohol, projected estimates, 15+ years of age)","SH.ALC.PCAP.LI","","","","","","","","","","","","","","","","","","","","","","","","","","","","","","","","","","","","","","","","","","","","","","","","","","","8.8","","","","","","7.8","","","",
"Barbados","BRB","Total alcohol consumption per capita (liters of pure alcohol, projected estimates, 15+ years of age)","SH.ALC.PCAP.LI","","","","","","","","","","","","","","","","","","","","","","","","","","","","","","","","","","","","","","","","","","","","","","","","","","","8.1","","","","","","9.6","","","",
"Brunei Darussalam","BRN","Total alcohol consumption per capita (liters of pure alcohol, projected estimates, 15+ years of age)","SH.ALC.PCAP.LI","","","","","","","","","","","","","","","","","","","","","","","","","","","","","","","","","","","","","","","","","","","","","","","","","","","0.5","","","","","","0.4","","","",
"Bhutan","BTN","Total alcohol consumption per capita (liters of pure alcohol, projected estimates, 15+ years of age)","SH.ALC.PCAP.LI","","","","","","","","","","","","","","","","","","","","","","","","","","","","","","","","","","","","","","","","","","","","","","","","","","","1.2","","","","","","0.6","","","",
"Botswana","BWA","Total alcohol consumption per capita (liters of pure alcohol, projected estimates, 15+ years of age)","SH.ALC.PCAP.LI","","","","","","","","","","","","","","","","","","","","","","","","","","","","","","","","","","","","","","","","","","","","","","","","","","","8.6","","","","","","8.4","","","",
"Central African Republic","CAF","Total alcohol consumption per capita (liters of pure alcohol, projected estimates, 15+ years of age)","SH.ALC.PCAP.LI","","","","","","","","","","","","","","","","","","","","","","","","","","","","","","","","","","","","","","","","","","","","","","","","","","","3.9","","","","","","3.3","","","",
"Canada","CAN","Total alcohol consumption per capita (liters of pure alcohol, projected estimates, 15+ years of age)","SH.ALC.PCAP.LI","","","","","","","","","","","","","","","","","","","","","","","","","","","","","","","","","","","","","","","","","","","","","","","","","","","10.2","","","","","","8.9","","","",
"Central Europe and the Baltics","CEB","Total alcohol consumption per capita (liters of pure alcohol, projected estimates, 15+ years of age)","SH.ALC.PCAP.LI","","","","","","","","","","","","","","","","","","","","","","","","","","","","","","","","","","","","","","","","","","","","","","","","","","","12.6159957491043","","","","","","12.1773029894738","","","",
"Switzerland","CHE","Total alcohol consumption per capita (liters of pure alcohol, projected estimates, 15+ years of age)","SH.ALC.PCAP.LI","","","","","","","","","","","","","","","","","","","","","","","","","","","","","","","","","","","","","","","","","","","","","","","","","","","11.4","","","","","","11.5","","","",
"Channel Islands","CHI","Total alcohol consumption per capita (liters of pure alcohol, projected estimates, 15+ years of age)","SH.ALC.PCAP.LI","","","","","","","","","","","","","","","","","","","","","","","","","","","","","","","","","","","","","","","","","","","","","","","","","","","","","","","","","","","","",
"Chile","CHL","Total alcohol consumption per capita (liters of pure alcohol, projected estimates, 15+ years of age)","SH.ALC.PCAP.LI","","","","","","","","","","","","","","","","","","","","","","","","","","","","","","","","","","","","","","","","","","","","","","","","","","","9.4","","","","","","9.3","","","",
"China","CHN","Total alcohol consumption per capita (liters of pure alcohol, projected estimates, 15+ years of age)","SH.ALC.PCAP.LI","","","","","","","","","","","","","","","","","","","","","","","","","","","","","","","","","","","","","","","","","","","","","","","","","","","7.1","","","","","","7.2","","","",
"Cote d'Ivoire","CIV","Total alcohol consumption per capita (liters of pure alcohol, projected estimates, 15+ years of age)","SH.ALC.PCAP.LI","","","","","","","","","","","","","","","","","","","","","","","","","","","","","","","","","","","","","","","","","","","","","","","","","","","7.5","","","","","","8.4","","","",
"Cameroon","CMR","Total alcohol consumption per capita (liters of pure alcohol, projected estimates, 15+ years of age)","SH.ALC.PCAP.LI","","","","","","","","","","","","","","","","","","","","","","","","","","","","","","","","","","","","","","","","","","","","","","","","","","","8.7","","","","","","8.9","","","",
"Congo, Dem. Rep.","COD","Total alcohol consumption per capita (liters of pure alcohol, projected estimates, 15+ years of age)","SH.ALC.PCAP.LI","","","","","","","","","","","","","","","","","","","","","","","","","","","","","","","","","","","","","","","","","","","","","","","","","","","2.5","","","","","","2.6","","","",
"Congo, Rep.","COG","Total alcohol consumption per capita (liters of pure alcohol, projected estimates, 15+ years of age)","SH.ALC.PCAP.LI","","","","","","","","","","","","","","","","","","","","","","","","","","","","","","","","","","","","","","","","","","","","","","","","","","","6.4","","","","","","7.8","","","",
"Colombia","COL","Total alcohol consumption per capita (liters of pure alcohol, projected estimates, 15+ years of age)","SH.ALC.PCAP.LI","","","","","","","","","","","","","","","","","","","","","","","","","","","","","","","","","","","","","","","","","","","","","","","","","","","5","","","","","","5.8","","","",
"Comoros","COM","Total alcohol consumption per capita (liters of pure alcohol, projected estimates, 15+ years of age)","SH.ALC.PCAP.LI","","","","","","","","","","","","","","","","","","","","","","","","","","","","","","","","","","","","","","","","","","","","","","","","","","","0.2","","","","","","0.9","","","",
"Cabo Verde","CPV","Total alcohol consumption per capita (liters of pure alcohol, projected estimates, 15+ years of age)","SH.ALC.PCAP.LI","","","","","","","","","","","","","","","","","","","","","","","","","","","","","","","","","","","","","","","","","","","","","","","","","","","7.7","","","","","","5.7","","","",
"Costa Rica","CRI","Total alcohol consumption per capita (liters of pure alcohol, projected estimates, 15+ years of age)","SH.ALC.PCAP.LI","","","","","","","","","","","","","","","","","","","","","","","","","","","","","","","","","","","","","","","","","","","","","","","","","","","4.7","","","","","","4.8","","","",
"Caribbean small states","CSS","Total alcohol consumption per capita (liters of pure alcohol, projected estimates, 15+ years of age)","SH.ALC.PCAP.LI","","","","","","","","","","","","","","","","","","","","","","","","","","","","","","","","","","","","","","","","","","","","","","","","","","","5.47709757017889","","","","","","6.02722394448465","","","",
"Cuba","CUB","Total alcohol consumption per capita (liters of pure alcohol, projected estimates, 15+ years of age)","SH.ALC.PCAP.LI","","","","","","","","","","","","","","","","","","","","","","","","","","","","","","","","","","","","","","","","","","","","","","","","","","","5.1","","","","","","6.1","","","",
"Curacao","CUW","Total alcohol consumption per capita (liters of pure alcohol, projected estimates, 15+ years of age)","SH.ALC.PCAP.LI","","","","","","","","","","","","","","","","","","","","","","","","","","","","","","","","","","","","","","","","","","","","","","","","","","","","","","","","","","","","",
"Cayman Islands","CYM","Total alcohol consumption per capita (liters of pure alcohol, projected estimates, 15+ years of age)","SH.ALC.PCAP.LI","","","","","","","","","","","","","","","","","","","","","","","","","","","","","","","","","","","","","","","","","","","","","","","","","","","","","","","","","","","","",
"Cyprus","CYP","Total alcohol consumption per capita (liters of pure alcohol, projected estimates, 15+ years of age)","SH.ALC.PCAP.LI","","","","","","","","","","","","","","","","","","","","","","","","","","","","","","","","","","","","","","","","","","","","","","","","","","","11.3","","","","","","10.8","","","",
"Czech Republic","CZE","Total alcohol consumption per capita (liters of pure alcohol, projected estimates, 15+ years of age)","SH.ALC.PCAP.LI","","","","","","","","","","","","","","","","","","","","","","","","","","","","","","","","","","","","","","","","","","","","","","","","","","","14","","","","","","14.4","","","",
"Germany","DEU","Total alcohol consumption per capita (liters of pure alcohol, projected estimates, 15+ years of age)","SH.ALC.PCAP.LI","","","","","","","","","","","","","","","","","","","","","","","","","","","","","","","","","","","","","","","","","","","","","","","","","","","13","","","","","","13.4","","","",
"Djibouti","DJI","Total alcohol consumption per capita (liters of pure alcohol, projected estimates, 15+ years of age)","SH.ALC.PCAP.LI","","","","","","","","","","","","","","","","","","","","","","","","","","","","","","","","","","","","","","","","","","","","","","","","","","","0.7","","","","","","0.5","","","",
"Dominica","DMA","Total alcohol consumption per capita (liters of pure alcohol, projected estimates, 15+ years of age)","SH.ALC.PCAP.LI","","","","","","","","","","","","","","","","","","","","","","","","","","","","","","","","","","","","","","","","","","","","","","","","","","","6.5","","","","","","8.2","","","",
"Denmark","DNK","Total alcohol consumption per capita (liters of pure alcohol, projected estimates, 15+ years of age)","SH.ALC.PCAP.LI","","","","","","","","","","","","","","","","","","","","","","","","","","","","","","","","","","","","","","","","","","","","","","","","","","","10.9","","","","","","10.4","","","",
"Dominican Republic","DOM","Total alcohol consumption per capita (liters of pure alcohol, projected estimates, 15+ years of age)","SH.ALC.PCAP.LI","","","","","","","","","","","","","","","","","","","","","","","","","","","","","","","","","","","","","","","","","","","","","","","","","","","6.7","","","","","","6.9","","","",
"Algeria","DZA","Total alcohol consumption per capita (liters of pure alcohol, projected estimates, 15+ years of age)","SH.ALC.PCAP.LI","","","","","","","","","","","","","","","","","","","","","","","","","","","","","","","","","","","","","","","","","","","","","","","","","","","0.7","","","","","","0.9","","","",
"East Asia & Pacific (excluding high income)","EAP","Total alcohol consumption per capita (liters of pure alcohol, projected estimates, 15+ years of age)","SH.ALC.PCAP.LI","","","","","","","","","","","","","","","","","","","","","","","","","","","","","","","","","","","","","","","","","","","","","","","","","","","6.05293394942657","","","","","","6.30947381148546","","","",
"Early-demographic dividend","EAR","Total alcohol consumption per capita (liters of pure alcohol, projected estimates, 15+ years of age)","SH.ALC.PCAP.LI","","","","","","","","","","","","","","","","","","","","","","","","","","","","","","","","","","","","","","","","","","","","","","","","","","","3.57150286044725","","","","","","4.07342428990028","","","",
"East Asia & Pacific","EAS","Total alcohol consumption per capita (liters of pure alcohol, projected estimates, 15+ years of age)","SH.ALC.PCAP.LI","","","","","","","","","","","","","","","","","","","","","","","","","","","","","","","","","","","","","","","","","","","","","","","","","","","6.28052259182785","","","","","","6.55081860545038","","","",
"Europe & Central Asia (excluding high income)","ECA","Total alcohol consumption per capita (liters of pure alcohol, projected estimates, 15+ years of age)","SH.ALC.PCAP.LI","","","","","","","","","","","","","","","","","","","","","","","","","","","","","","","","","","","","","","","","","","","","","","","","","","","11.1905445841905","","","","","","8.15566392881992","","","",
"Europe & Central Asia","ECS","Total alcohol consumption per capita (liters of pure alcohol, projected estimates, 15+ years of age)","SH.ALC.PCAP.LI","","","","","","","","","","","","","","","","","","","","","","","","","","","","","","","","","","","","","","","","","","","","","","","","","","","11.2625621064852","","","","","","9.8815638385573","","","",
"Ecuador","ECU","Total alcohol consumption per capita (liters of pure alcohol, projected estimates, 15+ years of age)","SH.ALC.PCAP.LI","","","","","","","","","","","","","","","","","","","","","","","","","","","","","","","","","","","","","","","","","","","","","","","","","","","5.8","","","","","","4.4","","","",
"Egypt, Arab Rep.","EGY","Total alcohol consumption per capita (liters of pure alcohol, projected estimates, 15+ years of age)","SH.ALC.PCAP.LI","","","","","","","","","","","","","","","","","","","","","","","","","","","","","","","","","","","","","","","","","","","","","","","","","","","0.4","","","","","","0.4","","","",
"Euro area","EMU","Total alcohol consumption per capita (liters of pure alcohol, projected estimates, 15+ years of age)","SH.ALC.PCAP.LI","","","","","","","","","","","","","","","","","","","","","","","","","","","","","","","","","","","","","","","","","","","","","","","","","","","11.1076803797573","","","","","","11.1676611653188","","","",
"Eritrea","ERI","Total alcohol consumption per capita (liters of pure alcohol, projected estimates, 15+ years of age)","SH.ALC.PCAP.LI","","","","","","","","","","","","","","","","","","","","","","","","","","","","","","","","","","","","","","","","","","","","","","","","","","","1.1","","","","","","1.3","","","",
"Spain","ESP","Total alcohol consumption per capita (liters of pure alcohol, projected estimates, 15+ years of age)","SH.ALC.PCAP.LI","","","","","","","","","","","","","","","","","","","","","","","","","","","","","","","","","","","","","","","","","","","","","","","","","","","10.5","","","","","","10","","","",
"Estonia","EST","Total alcohol consumption per capita (liters of pure alcohol, projected estimates, 15+ years of age)","SH.ALC.PCAP.LI","","","","","","","","","","","","","","","","","","","","","","","","","","","","","","","","","","","","","","","","","","","","","","","","","","","12.4","","","","","","11.6","","","",
"Ethiopia","ETH","Total alcohol consumption per capita (liters of pure alcohol, projected estimates, 15+ years of age)","SH.ALC.PCAP.LI","","","","","","","","","","","","","","","","","","","","","","","","","","","","","","","","","","","","","","","","","","","","","","","","","","","3.2","","","","","","2.9","","","",
"European Union","EUU","Total alcohol consumption per capita (liters of pure alcohol, projected estimates, 15+ years of age)","SH.ALC.PCAP.LI","","","","","","","","","","","","","","","","","","","","","","","","","","","","","","","","","","","","","","","","","","","","","","","","","","","11.4952789105412","","","","","","11.3293370855943","","","",
"Fragile and conflict affected situations","FCS","Total alcohol consumption per capita (liters of pure alcohol, projected estimates, 15+ years of age)","SH.ALC.PCAP.LI","","","","","","","","","","","","","","","","","","","","","","","","","","","","","","","","","","","","","","","","","","","","","","","","","","","2.27749840400581","","","","","","2.52211369948457","","","",
"Finland","FIN","Total alcohol consumption per capita (liters of pure alcohol, projected estimates, 15+ years of age)","SH.ALC.PCAP.LI","","","","","","","","","","","","","","","","","","","","","","","","","","","","","","","","","","","","","","","","","","","","","","","","","","","12.6","","","","","","10.7","","","",
"Fiji","FJI","Total alcohol consumption per capita (liters of pure alcohol, projected estimates, 15+ years of age)","SH.ALC.PCAP.LI","","","","","","","","","","","","","","","","","","","","","","","","","","","","","","","","","","","","","","","","","","","","","","","","","","","3","","","","","","3","","","",
"France","FRA","Total alcohol consumption per capita (liters of pure alcohol, projected estimates, 15+ years of age)","SH.ALC.PCAP.LI","","","","","","","","","","","","","","","","","","","","","","","","","","","","","","","","","","","","","","","","","","","","","","","","","","","12.2","","","","","","12.6","","","",
"Faroe Islands","FRO","Total alcohol consumption per capita (liters of pure alcohol, projected estimates, 15+ years of age)","SH.ALC.PCAP.LI","","","","","","","","","","","","","","","","","","","","","","","","","","","","","","","","","","","","","","","","","","","","","","","","","","","","","","","","","","","","",
"Micronesia, Fed. Sts.","FSM","Total alcohol consumption per capita (liters of pure alcohol, projected estimates, 15+ years of age)","SH.ALC.PCAP.LI","","","","","","","","","","","","","","","","","","","","","","","","","","","","","","","","","","","","","","","","","","","","","","","","","","","2.9","","","","","","2.5","","","",
"Gabon","GAB","Total alcohol consumption per capita (liters of pure alcohol, projected estimates, 15+ years of age)","SH.ALC.PCAP.LI","","","","","","","","","","","","","","","","","","","","","","","","","","","","","","","","","","","","","","","","","","","","","","","","","","","10.7","","","","","","11.5","","","",
"United Kingdom","GBR","Total alcohol consumption per capita (liters of pure alcohol, projected estimates, 15+ years of age)","SH.ALC.PCAP.LI","","","","","","","","","","","","","","","","","","","","","","","","","","","","","","","","","","","","","","","","","","","","","","","","","","","12.3","","","","","","11.5","","","",
"Georgia","GEO","Total alcohol consumption per capita (liters of pure alcohol, projected estimates, 15+ years of age)","SH.ALC.PCAP.LI","","","","","","","","","","","","","","","","","","","","","","","","","","","","","","","","","","","","","","","","","","","","","","","","","","","10.4","","","","","","9.8","","","",
"Ghana","GHA","Total alcohol consumption per capita (liters of pure alcohol, projected estimates, 15+ years of age)","SH.ALC.PCAP.LI","","","","","","","","","","","","","","","","","","","","","","","","","","","","","","","","","","","","","","","","","","","","","","","","","","","5.3","","","","","","2.7","","","",
"Gibraltar","GIB","Total alcohol consumption per capita (liters of pure alcohol, projected estimates, 15+ years of age)","SH.ALC.PCAP.LI","","","","","","","","","","","","","","","","","","","","","","","","","","","","","","","","","","","","","","","","","","","","","","","","","","","","","","","","","","","","",
"Guinea","GIN","Total alcohol consumption per capita (liters of pure alcohol, projected estimates, 15+ years of age)","SH.ALC.PCAP.LI","","","","","","","","","","","","","","","","","","","","","","","","","","","","","","","","","","","","","","","","","","","","","","","","","","","0.7","","","","","","1.3","","","",
"Gambia, The","GMB","Total alcohol consumption per capita (liters of pure alcohol, projected estimates, 15+ years of age)","SH.ALC.PCAP.LI","","","","","","","","","","","","","","","","","","","","","","","","","","","","","","","","","","","","","","","","","","","","","","","","","","","3.8","","","","","","3.8","","","",
"Guinea-Bissau","GNB","Total alcohol consumption per capita (liters of pure alcohol, projected estimates, 15+ years of age)","SH.ALC.PCAP.LI","","","","","","","","","","","","","","","","","","","","","","","","","","","","","","","","","","","","","","","","","","","","","","","","","","","4.2","","","","","","4.8","","","",
"Equatorial Guinea","GNQ","Total alcohol consumption per capita (liters of pure alcohol, projected estimates, 15+ years of age)","SH.ALC.PCAP.LI","","","","","","","","","","","","","","","","","","","","","","","","","","","","","","","","","","","","","","","","","","","","","","","","","","","10.3","","","","","","11.3","","","",
"Greece","GRC","Total alcohol consumption per capita (liters of pure alcohol, projected estimates, 15+ years of age)","SH.ALC.PCAP.LI","","","","","","","","","","","","","","","","","","","","","","","","","","","","","","","","","","","","","","","","","","","","","","","","","","","10.4","","","","","","10.4","","","",
"Grenada","GRD","Total alcohol consumption per capita (liters of pure alcohol, projected estimates, 15+ years of age)","SH.ALC.PCAP.LI","","","","","","","","","","","","","","","","","","","","","","","","","","","","","","","","","","","","","","","","","","","","","","","","","","","8.1","","","","","","9.3","","","",
"Greenland","GRL","Total alcohol consumption per capita (liters of pure alcohol, projected estimates, 15+ years of age)","SH.ALC.PCAP.LI","","","","","","","","","","","","","","","","","","","","","","","","","","","","","","","","","","","","","","","","","","","","","","","","","","","","","","","","","","","","",
"Guatemala","GTM","Total alcohol consumption per capita (liters of pure alcohol, projected estimates, 15+ years of age)","SH.ALC.PCAP.LI","","","","","","","","","","","","","","","","","","","","","","","","","","","","","","","","","","","","","","","","","","","","","","","","","","","3.5","","","","","","2.5","","","",
"Guam","GUM","Total alcohol consumption per capita (liters of pure alcohol, projected estimates, 15+ years of age)","SH.ALC.PCAP.LI","","","","","","","","","","","","","","","","","","","","","","","","","","","","","","","","","","","","","","","","","","","","","","","","","","","","","","","","","","","","",
"Guyana","GUY","Total alcohol consumption per capita (liters of pure alcohol, projected estimates, 15+ years of age)","SH.ALC.PCAP.LI","","","","","","","","","","","","","","","","","","","","","","","","","","","","","","","","","","","","","","","","","","","","","","","","","","","5.8","","","","","","6.3","","","",
"High income","HIC","Total alcohol consumption per capita (liters of pure alcohol, projected estimates, 15+ years of age)","SH.ALC.PCAP.LI","","","","","","","","","","","","","","","","","","","","","","","","","","","","","","","","","","","","","","","","","","","","","","","","","","","9.67156414425681","","","","","","9.74489321665783","","","",
"Hong Kong SAR, China","HKG","Total alcohol consumption per capita (liters of pure alcohol, projected estimates, 15+ years of age)","SH.ALC.PCAP.LI","","","","","","","","","","","","","","","","","","","","","","","","","","","","","","","","","","","","","","","","","","","","","","","","","","","","","","","","","","","","",
"Honduras","HND","Total alcohol consumption per capita (liters of pure alcohol, projected estimates, 15+ years of age)","SH.ALC.PCAP.LI","","","","","","","","","","","","","","","","","","","","","","","","","","","","","","","","","","","","","","","","","","","","","","","","","","","3.9","","","","","","4","","","",
"Heavily indebted poor countries (HIPC)","HPC","Total alcohol consumption per capita (liters of pure alcohol, projected estimates, 15+ years of age)","SH.ALC.PCAP.LI","","","","","","","","","","","","","","","","","","","","","","","","","","","","","","","","","","","","","","","","","","","","","","","","","","","4.33920937207369","","","","","","4.01592268393495","","","",
"Croatia","HRV","Total alcohol consumption per capita (liters of pure alcohol, projected estimates, 15+ years of age)","SH.ALC.PCAP.LI","","","","","","","","","","","","","","","","","","","","","","","","","","","","","","","","","","","","","","","","","","","","","","","","","","","11.3","","","","","","8.9","","","",
"Haiti","HTI","Total alcohol consumption per capita (liters of pure alcohol, projected estimates, 15+ years of age)","SH.ALC.PCAP.LI","","","","","","","","","","","","","","","","","","","","","","","","","","","","","","","","","","","","","","","","","","","","","","","","","","","6.4","","","","","","5.8","","","",
"Hungary","HUN","Total alcohol consumption per capita (liters of pure alcohol, projected estimates, 15+ years of age)","SH.ALC.PCAP.LI","","","","","","","","","","","","","","","","","","","","","","","","","","","","","","","","","","","","","","","","","","","","","","","","","","","12.1","","","","","","11.4","","","",
"IBRD only","IBD","Total alcohol consumption per capita (liters of pure alcohol, projected estimates, 15+ years of age)","SH.ALC.PCAP.LI","","","","","","","","","","","","","","","","","","","","","","","","","","","","","","","","","","","","","","","","","","","","","","","","","","","6.14495616918783","","","","","","6.18617632885612","","","",
"IDA & IBRD total","IBT","Total alcohol consumption per capita (liters of pure alcohol, projected estimates, 15+ years of age)","SH.ALC.PCAP.LI","","","","","","","","","","","","","","","","","","","","","","","","","","","","","","","","","","","","","","","","","","","","","","","","","","","5.69184249765023","","","","","","5.72272723740404","","","",
"IDA total","IDA","Total alcohol consumption per capita (liters of pure alcohol, projected estimates, 15+ years of age)","SH.ALC.PCAP.LI","","","","","","","","","","","","","","","","","","","","","","","","","","","","","","","","","","","","","","","","","","","","","","","","","","","3.83503201801119","","","","","","3.97266437275697","","","",
"IDA blend","IDB","Total alcohol consumption per capita (liters of pure alcohol, projected estimates, 15+ years of age)","SH.ALC.PCAP.LI","","","","","","","","","","","","","","","","","","","","","","","","","","","","","","","","","","","","","","","","","","","","","","","","","","","5.19560454538289","","","","","","5.71800046809443","","","",
"Indonesia","IDN","Total alcohol consumption per capita (liters of pure alcohol, projected estimates, 15+ years of age)","SH.ALC.PCAP.LI","","","","","","","","","","","","","","","","","","","","","","","","","","","","","","","","","","","","","","","","","","","","","","","","","","","0.7","","","","","","0.8","","","",
"IDA only","IDX","Total alcohol consumption per capita (liters of pure alcohol, projected estimates, 15+ years of age)","SH.ALC.PCAP.LI","","","","","","","","","","","","","","","","","","","","","","","","","","","","","","","","","","","","","","","","","","","","","","","","","","","3.12324763708058","","","","","","3.06195638351373","","","",
"Isle of Man","IMN","Total alcohol consumption per capita (liters of pure alcohol, projected estimates, 15+ years of age)","SH.ALC.PCAP.LI","","","","","","","","","","","","","","","","","","","","","","","","","","","","","","","","","","","","","","","","","","","","","","","","","","","","","","","","","","","","",
"India","IND","Total alcohol consumption per capita (liters of pure alcohol, projected estimates, 15+ years of age)","SH.ALC.PCAP.LI","","","","","","","","","","","","","","","","","","","","","","","","","","","","","","","","","","","","","","","","","","","","","","","","","","","4.3","","","","","","5.7","","","",
"Not classified","INX","Total alcohol consumption per capita (liters of pure alcohol, projected estimates, 15+ years of age)","SH.ALC.PCAP.LI","","","","","","","","","","","","","","","","","","","","","","","","","","","","","","","","","","","","","","","","","","","","","","","","","","","","","","","","","","","","",
"Ireland","IRL","Total alcohol consumption per capita (liters of pure alcohol, projected estimates, 15+ years of age)","SH.ALC.PCAP.LI","","","","","","","","","","","","","","","","","","","","","","","","","","","","","","","","","","","","","","","","","","","","","","","","","","","12.3","","","","","","13","","","",
"Iran, Islamic Rep.","IRN","Total alcohol consumption per capita (liters of pure alcohol, projected estimates, 15+ years of age)","SH.ALC.PCAP.LI","","","","","","","","","","","","","","","","","","","","","","","","","","","","","","","","","","","","","","","","","","","","","","","","","","","1","","","","","","1","","","",
"Iraq","IRQ","Total alcohol consumption per capita (liters of pure alcohol, projected estimates, 15+ years of age)","SH.ALC.PCAP.LI","","","","","","","","","","","","","","","","","","","","","","","","","","","","","","","","","","","","","","","","","","","","","","","","","","","0.5","","","","","","0.4","","","",
"Iceland","ISL","Total alcohol consumption per capita (liters of pure alcohol, projected estimates, 15+ years of age)","SH.ALC.PCAP.LI","","","","","","","","","","","","","","","","","","","","","","","","","","","","","","","","","","","","","","","","","","","","","","","","","","","7.4","","","","","","9.1","","","",
"Israel","ISR","Total alcohol consumption per capita (liters of pure alcohol, projected estimates, 15+ years of age)","SH.ALC.PCAP.LI","","","","","","","","","","","","","","","","","","","","","","","","","","","","","","","","","","","","","","","","","","","","","","","","","","","3","","","","","","3.8","","","",
"Italy","ITA","Total alcohol consumption per capita (liters of pure alcohol, projected estimates, 15+ years of age)","SH.ALC.PCAP.LI","","","","","","","","","","","","","","","","","","","","","","","","","","","","","","","","","","","","","","","","","","","","","","","","","","","7","","","","","","7.5","","","",
"Jamaica","JAM","Total alcohol consumption per capita (liters of pure alcohol, projected estimates, 15+ years of age)","SH.ALC.PCAP.LI","","","","","","","","","","","","","","","","","","","","","","","","","","","","","","","","","","","","","","","","","","","","","","","","","","","3.9","","","","","","4.2","","","",
"Jordan","JOR","Total alcohol consumption per capita (liters of pure alcohol, projected estimates, 15+ years of age)","SH.ALC.PCAP.LI","","","","","","","","","","","","","","","","","","","","","","","","","","","","","","","","","","","","","","","","","","","","","","","","","","","0.7","","","","","","0.7","","","",
"Japan","JPN","Total alcohol consumption per capita (liters of pure alcohol, projected estimates, 15+ years of age)","SH.ALC.PCAP.LI","","","","","","","","","","","","","","","","","","","","","","","","","","","","","","","","","","","","","","","","","","","","","","","","","","","7.1","","","","","","8","","","",
"Kazakhstan","KAZ","Total alcohol consumption per capita (liters of pure alcohol, projected estimates, 15+ years of age)","SH.ALC.PCAP.LI","","","","","","","","","","","","","","","","","","","","","","","","","","","","","","","","","","","","","","","","","","","","","","","","","","","9.3","","","","","","7.7","","","",
"Kenya","KEN","Total alcohol consumption per capita (liters of pure alcohol, projected estimates, 15+ years of age)","SH.ALC.PCAP.LI","","","","","","","","","","","","","","","","","","","","","","","","","","","","","","","","","","","","","","","","","","","","","","","","","","","4.6","","","","","","3.4","","","",
"Kyrgyz Republic","KGZ","Total alcohol consumption per capita (liters of pure alcohol, projected estimates, 15+ years of age)","SH.ALC.PCAP.LI","","","","","","","","","","","","","","","","","","","","","","","","","","","","","","","","","","","","","","","","","","","","","","","","","","","10.2","","","","","","6.2","","","",
"Cambodia","KHM","Total alcohol consumption per capita (liters of pure alcohol, projected estimates, 15+ years of age)","SH.ALC.PCAP.LI","","","","","","","","","","","","","","","","","","","","","","","","","","","","","","","","","","","","","","","","","","","","","","","","","","","5","","","","","","6.7","","","",
"Kiribati","KIR","Total alcohol consumption per capita (liters of pure alcohol, projected estimates, 15+ years of age)","SH.ALC.PCAP.LI","","","","","","","","","","","","","","","","","","","","","","","","","","","","","","","","","","","","","","","","","","","","","","","","","","","1.9","","","","","","0.4","","","",
"St. Kitts and Nevis","KNA","Total alcohol consumption per capita (liters of pure alcohol, projected estimates, 15+ years of age)","SH.ALC.PCAP.LI","","","","","","","","","","","","","","","","","","","","","","","","","","","","","","","","","","","","","","","","","","","","","","","","","","","9.3","","","","","","9.4","","","",
"Korea, Rep.","KOR","Total alcohol consumption per capita (liters of pure alcohol, projected estimates, 15+ years of age)","SH.ALC.PCAP.LI","","","","","","","","","","","","","","","","","","","","","","","","","","","","","","","","","","","","","","","","","","","","","","","","","","","9.9","","","","","","10.2","","","",
"Kuwait","KWT","Total alcohol consumption per capita (liters of pure alcohol, projected estimates, 15+ years of age)","SH.ALC.PCAP.LI","","","","","","","","","","","","","","","","","","","","","","","","","","","","","","","","","","","","","","","","","","","","","","","","","","","0","","","","","","0","","","",
"Latin America & Caribbean (excluding high income)","LAC","Total alcohol consumption per capita (liters of pure alcohol, projected estimates, 15+ years of age)","SH.ALC.PCAP.LI","","","","","","","","","","","","","","","","","","","","","","","","","","","","","","","","","","","","","","","","","","","","","","","","","","","7.42242814666015","","","","","","6.81413637840051","","","",
"Lao PDR","LAO","Total alcohol consumption per capita (liters of pure alcohol, projected estimates, 15+ years of age)","SH.ALC.PCAP.LI","","","","","","","","","","","","","","","","","","","","","","","","","","","","","","","","","","","","","","","","","","","","","","","","","","","7","","","","","","10.4","","","",
"Lebanon","LBN","Total alcohol consumption per capita (liters of pure alcohol, projected estimates, 15+ years of age)","SH.ALC.PCAP.LI","","","","","","","","","","","","","","","","","","","","","","","","","","","","","","","","","","","","","","","","","","","","","","","","","","","2","","","","","","1.5","","","",
"Liberia","LBR","Total alcohol consumption per capita (liters of pure alcohol, projected estimates, 15+ years of age)","SH.ALC.PCAP.LI","","","","","","","","","","","","","","","","","","","","","","","","","","","","","","","","","","","","","","","","","","","","","","","","","","","5.3","","","","","","5.8","","","",
"Libya","LBY","Total alcohol consumption per capita (liters of pure alcohol, projected estimates, 15+ years of age)","SH.ALC.PCAP.LI","","","","","","","","","","","","","","","","","","","","","","","","","","","","","","","","","","","","","","","","","","","","","","","","","","","0.1","","","","","","0","","","",
"St. Lucia","LCA","Total alcohol consumption per capita (liters of pure alcohol, projected estimates, 15+ years of age)","SH.ALC.PCAP.LI","","","","","","","","","","","","","","","","","","","","","","","","","","","","","","","","","","","","","","","","","","","","","","","","","","","9.5","","","","","","9.9","","","",
"Latin America & Caribbean","LCN","Total alcohol consumption per capita (liters of pure alcohol, projected estimates, 15+ years of age)","SH.ALC.PCAP.LI","","","","","","","","","","","","","","","","","","","","","","","","","","","","","","","","","","","","","","","","","","","","","","","","","","","7.49356456139175","","","","","","6.9249733868032","","","",
"Least developed countries: UN classification","LDC","Total alcohol consumption per capita (liters of pure alcohol, projected estimates, 15+ years of age)","SH.ALC.PCAP.LI","","","","","","","","","","","","","","","","","","","","","","","","","","","","","","","","","","","","","","","","","","","","","","","","","","","3.08717049883964","","","","","","3.03590895966198","","","",
"Low income","LIC","Total alcohol consumption per capita (liters of pure alcohol, projected estimates, 15+ years of age)","SH.ALC.PCAP.LI","","","","","","","","","","","","","","","","","","","","","","","","","","","","","","","","","","","","","","","","","","","","","","","","","","","3.82432274706046","","","","","","3.58738847354537","","","",
"Liechtenstein","LIE","Total alcohol consumption per capita (liters of pure alcohol, projected estimates, 15+ years of age)","SH.ALC.PCAP.LI","","","","","","","","","","","","","","","","","","","","","","","","","","","","","","","","","","","","","","","","","","","","","","","","","","","","","","","","","","","","",
"Sri Lanka","LKA","Total alcohol consumption per capita (liters of pure alcohol, projected estimates, 15+ years of age)","SH.ALC.PCAP.LI","","","","","","","","","","","","","","","","","","","","","","","","","","","","","","","","","","","","","","","","","","","","","","","","","","","4","","","","","","4.3","","","",
"Lower middle income","LMC","Total alcohol consumption per capita (liters of pure alcohol, projected estimates, 15+ years of age)","SH.ALC.PCAP.LI","","","","","","","","","","","","","","","","","","","","","","","","","","","","","","","","","","","","","","","","","","","","","","","","","","","4.01844205667078","","","","","","4.7538450845481","","","",
"Low & middle income","LMY","Total alcohol consumption per capita (liters of pure alcohol, projected estimates, 15+ years of age)","SH.ALC.PCAP.LI","","","","","","","","","","","","","","","","","","","","","","","","","","","","","","","","","","","","","","","","","","","","","","","","","","","5.61583406715731","","","","","","5.6535374718985","","","",
"Lesotho","LSO","Total alcohol consumption per capita (liters of pure alcohol, projected estimates, 15+ years of age)","SH.ALC.PCAP.LI","","","","","","","","","","","","","","","","","","","","","","","","","","","","","","","","","","","","","","","","","","","","","","","","","","","6.8","","","","","","5","","","",
"Late-demographic dividend","LTE","Total alcohol consumption per capita (liters of pure alcohol, projected estimates, 15+ years of age)","SH.ALC.PCAP.LI","","","","","","","","","","","","","","","","","","","","","","","","","","","","","","","","","","","","","","","","","","","","","","","","","","","7.69106700771298","","","","","","7.45578715864414","","","",
"Lithuania","LTU","Total alcohol consumption per capita (liters of pure alcohol, projected estimates, 15+ years of age)","SH.ALC.PCAP.LI","","","","","","","","","","","","","","","","","","","","","","","","","","","","","","","","","","","","","","","","","","","","","","","","","","","15.1","","","","","","15","","","",
"Luxembourg","LUX","Total alcohol consumption per capita (liters of pure alcohol, projected estimates, 15+ years of age)","SH.ALC.PCAP.LI","","","","","","","","","","","","","","","","","","","","","","","","","","","","","","","","","","","","","","","","","","","","","","","","","","","12.6","","","","","","13","","","",
"Latvia","LVA","Total alcohol consumption per capita (liters of pure alcohol, projected estimates, 15+ years of age)","SH.ALC.PCAP.LI","","","","","","","","","","","","","","","","","","","","","","","","","","","","","","","","","","","","","","","","","","","","","","","","","","","11.6","","","","","","12.9","","","",
"Macao SAR, China","MAC","Total alcohol consumption per capita (liters of pure alcohol, projected estimates, 15+ years of age)","SH.ALC.PCAP.LI","","","","","","","","","","","","","","","","","","","","","","","","","","","","","","","","","","","","","","","","","","","","","","","","","","","","","","","","","","","","",
"St. Martin (French part)","MAF","Total alcohol consumption per capita (liters of pure alcohol, projected estimates, 15+ years of age)","SH.ALC.PCAP.LI","","","","","","","","","","","","","","","","","","","","","","","","","","","","","","","","","","","","","","","","","","","","","","","","","","","","","","","","","","","","",
"Morocco","MAR","Total alcohol consumption per capita (liters of pure alcohol, projected estimates, 15+ years of age)","SH.ALC.PCAP.LI","","","","","","","","","","","","","","","","","","","","","","","","","","","","","","","","","","","","","","","","","","","","","","","","","","","1","","","","","","0.6","","","",
"Monaco","MCO","Total alcohol consumption per capita (liters of pure alcohol, projected estimates, 15+ years of age)","SH.ALC.PCAP.LI","","","","","","","","","","","","","","","","","","","","","","","","","","","","","","","","","","","","","","","","","","","","","","","","","","","","","","","","","","","","",
"Moldova","MDA","Total alcohol consumption per capita (liters of pure alcohol, projected estimates, 15+ years of age)","SH.ALC.PCAP.LI","","","","","","","","","","","","","","","","","","","","","","","","","","","","","","","","","","","","","","","","","","","","","","","","","","","17.9","","","","","","15.2","","","",
"Madagascar","MDG","Total alcohol consumption per capita (liters of pure alcohol, projected estimates, 15+ years of age)","SH.ALC.PCAP.LI","","","","","","","","","","","","","","","","","","","","","","","","","","","","","","","","","","","","","","","","","","","","","","","","","","","2","","","","","","1.9","","","",
"Maldives","MDV","Total alcohol consumption per capita (liters of pure alcohol, projected estimates, 15+ years of age)","SH.ALC.PCAP.LI","","","","","","","","","","","","","","","","","","","","","","","","","","","","","","","","","","","","","","","","","","","","","","","","","","","1.9","","","","","","2.7","","","",
"Middle East & North Africa","MEA","Total alcohol consumption per capita (liters of pure alcohol, projected estimates, 15+ years of age)","SH.ALC.PCAP.LI","","","","","","","","","","","","","","","","","","","","","","","","","","","","","","","","","","","","","","","","","","","","","","","","","","","0.819317671694656","","","","","","0.798023301980471","","","",
"Mexico","MEX","Total alcohol consumption per capita (liters of pure alcohol, projected estimates, 15+ years of age)","SH.ALC.PCAP.LI","","","","","","","","","","","","","","","","","","","","","","","","","","","","","","","","","","","","","","","","","","","","","","","","","","","6.7","","","","","","6.5","","","",
"Marshall Islands","MHL","Total alcohol consumption per capita (liters of pure alcohol, projected estimates, 15+ years of age)","SH.ALC.PCAP.LI","","","","","","","","","","","","","","","","","","","","","","","","","","","","","","","","","","","","","","","","","","","","","","","","","","","","","","","","","","","","",
"Middle income","MIC","Total alcohol consumption per capita (liters of pure alcohol, projected estimates, 15+ years of age)","SH.ALC.PCAP.LI","","","","","","","","","","","","","","","","","","","","","","","","","","","","","","","","","","","","","","","","","","","","","","","","","","","5.76780734300794","","","","","","5.84476116772183","","","",
"North Macedonia","MKD","Total alcohol consumption per capita (liters of pure alcohol, projected estimates, 15+ years of age)","SH.ALC.PCAP.LI","","","","","","","","","","","","","","","","","","","","","","","","","","","","","","","","","","","","","","","","","","","","","","","","","","","6.3","","","","","","8.1","","","",
"Mali","MLI","Total alcohol consumption per capita (liters of pure alcohol, projected estimates, 15+ years of age)","SH.ALC.PCAP.LI","","","","","","","","","","","","","","","","","","","","","","","","","","","","","","","","","","","","","","","","","","","","","","","","","","","1.1","","","","","","1.3","","","",
"Malta","MLT","Total alcohol consumption per capita (liters of pure alcohol, projected estimates, 15+ years of age)","SH.ALC.PCAP.LI","","","","","","","","","","","","","","","","","","","","","","","","","","","","","","","","","","","","","","","","","","","","","","","","","","","7","","","","","","8.1","","","",
"Myanmar","MMR","Total alcohol consumption per capita (liters of pure alcohol, projected estimates, 15+ years of age)","SH.ALC.PCAP.LI","","","","","","","","","","","","","","","","","","","","","","","","","","","","","","","","","","","","","","","","","","","","","","","","","","","2.9","","","","","","4.8","","","",
"Middle East & North Africa (excluding high income)","MNA","Total alcohol consumption per capita (liters of pure alcohol, projected estimates, 15+ years of age)","SH.ALC.PCAP.LI","","","","","","","","","","","","","","","","","","","","","","","","","","","","","","","","","","","","","","","","","","","","","","","","","","","0.732726835948136","","","","","","0.669370744751502","","","",
"Montenegro","MNE","Total alcohol consumption per capita (liters of pure alcohol, projected estimates, 15+ years of age)","SH.ALC.PCAP.LI","","","","","","","","","","","","","","","","","","","","","","","","","","","","","","","","","","","","","","","","","","","","","","","","","","","11","","","","","","8","","","",
"Mongolia","MNG","Total alcohol consumption per capita (liters of pure alcohol, projected estimates, 15+ years of age)","SH.ALC.PCAP.LI","","","","","","","","","","","","","","","","","","","","","","","","","","","","","","","","","","","","","","","","","","","","","","","","","","","7","","","","","","7.4","","","",
"Northern Mariana Islands","MNP","Total alcohol consumption per capita (liters of pure alcohol, projected estimates, 15+ years of age)","SH.ALC.PCAP.LI","","","","","","","","","","","","","","","","","","","","","","","","","","","","","","","","","","","","","","","","","","","","","","","","","","","","","","","","","","","","",
"Mozambique","MOZ","Total alcohol consumption per capita (liters of pure alcohol, projected estimates, 15+ years of age)","SH.ALC.PCAP.LI","","","","","","","","","","","","","","","","","","","","","","","","","","","","","","","","","","","","","","","","","","","","","","","","","","","1.7","","","","","","2.4","","","",
"Mauritania","MRT","Total alcohol consumption per capita (liters of pure alcohol, projected estimates, 15+ years of age)","SH.ALC.PCAP.LI","","","","","","","","","","","","","","","","","","","","","","","","","","","","","","","","","","","","","","","","","","","","","","","","","","","0.1","","","","","","0","","","",
"Mauritius","MUS","Total alcohol consumption per capita (liters of pure alcohol, projected estimates, 15+ years of age)","SH.ALC.PCAP.LI","","","","","","","","","","","","","","","","","","","","","","","","","","","","","","","","","","","","","","","","","","","","","","","","","","","3.8","","","","","","3.6","","","",
"Malawi","MWI","Total alcohol consumption per capita (liters of pure alcohol, projected estimates, 15+ years of age)","SH.ALC.PCAP.LI","","","","","","","","","","","","","","","","","","","","","","","","","","","","","","","","","","","","","","","","","","","","","","","","","","","3.3","","","","","","3.7","","","",
"Malaysia","MYS","Total alcohol consumption per capita (liters of pure alcohol, projected estimates, 15+ years of age)","SH.ALC.PCAP.LI","","","","","","","","","","","","","","","","","","","","","","","","","","","","","","","","","","","","","","","","","","","","","","","","","","","1.4","","","","","","0.9","","","",
"North America","NAC","Total alcohol consumption per capita (liters of pure alcohol, projected estimates, 15+ years of age)","SH.ALC.PCAP.LI","","","","","","","","","","","","","","","","","","","","","","","","","","","","","","","","","","","","","","","","","","","","","","","","","","","9.39286271006165","","","","","","9.7063915294426","","","",
"Namibia","NAM","Total alcohol consumption per capita (liters of pure alcohol, projected estimates, 15+ years of age)","SH.ALC.PCAP.LI","","","","","","","","","","","","","","","","","","","","","","","","","","","","","","","","","","","","","","","","","","","","","","","","","","","11.5","","","","","","9.8","","","",
"New Caledonia","NCL","Total alcohol consumption per capita (liters of pure alcohol, projected estimates, 15+ years of age)","SH.ALC.PCAP.LI","","","","","","","","","","","","","","","","","","","","","","","","","","","","","","","","","","","","","","","","","","","","","","","","","","","","","","","","","","","","",
"Niger","NER","Total alcohol consumption per capita (liters of pure alcohol, projected estimates, 15+ years of age)","SH.ALC.PCAP.LI","","","","","","","","","","","","","","","","","","","","","","","","","","","","","","","","","","","","","","","","","","","","","","","","","","","0.3","","","","","","0.5","","","",
"Nigeria","NGA","Total alcohol consumption per capita (liters of pure alcohol, projected estimates, 15+ years of age)","SH.ALC.PCAP.LI","","","","","","","","","","","","","","","","","","","","","","","","","","","","","","","","","","","","","","","","","","","","","","","","","","","11.5","","","","","","13.4","","","",
"Nicaragua","NIC","Total alcohol consumption per capita (liters of pure alcohol, projected estimates, 15+ years of age)","SH.ALC.PCAP.LI","","","","","","","","","","","","","","","","","","","","","","","","","","","","","","","","","","","","","","","","","","","","","","","","","","","4.8","","","","","","5.2","","","",
"Netherlands","NLD","Total alcohol consumption per capita (liters of pure alcohol, projected estimates, 15+ years of age)","SH.ALC.PCAP.LI","","","","","","","","","","","","","","","","","","","","","","","","","","","","","","","","","","","","","","","","","","","","","","","","","","","10.4","","","","","","8.7","","","",
"Norway","NOR","Total alcohol consumption per capita (liters of pure alcohol, projected estimates, 15+ years of age)","SH.ALC.PCAP.LI","","","","","","","","","","","","","","","","","","","","","","","","","","","","","","","","","","","","","","","","","","","","","","","","","","","9","","","","","","7.5","","","",
"Nepal","NPL","Total alcohol consumption per capita (liters of pure alcohol, projected estimates, 15+ years of age)","SH.ALC.PCAP.LI","","","","","","","","","","","","","","","","","","","","","","","","","","","","","","","","","","","","","","","","","","","","","","","","","","","2.1","","","","","","2","","","",
"Nauru","NRU","Total alcohol consumption per capita (liters of pure alcohol, projected estimates, 15+ years of age)","SH.ALC.PCAP.LI","","","","","","","","","","","","","","","","","","","","","","","","","","","","","","","","","","","","","","","","","","","","","","","","","","","6.3","","","","","","6","","","",
"New Zealand","NZL","Total alcohol consumption per capita (liters of pure alcohol, projected estimates, 15+ years of age)","SH.ALC.PCAP.LI","","","","","","","","","","","","","","","","","","","","","","","","","","","","","","","","","","","","","","","","","","","","","","","","","","","11.4","","","","","","10.7","","","",
"OECD members","OED","Total alcohol consumption per capita (liters of pure alcohol, projected estimates, 15+ years of age)","SH.ALC.PCAP.LI","","","","","","","","","","","","","","","","","","","","","","","","","","","","","","","","","","","","","","","","","","","","","","","","","","","9.37517008559066","","","","","","9.42619340231203","","","",
"Oman","OMN","Total alcohol consumption per capita (liters of pure alcohol, projected estimates, 15+ years of age)","SH.ALC.PCAP.LI","","","","","","","","","","","","","","","","","","","","","","","","","","","","","","","","","","","","","","","","","","","","","","","","","","","0.7","","","","","","0.8","","","",
"Other small states","OSS","Total alcohol consumption per capita (liters of pure alcohol, projected estimates, 15+ years of age)","SH.ALC.PCAP.LI","","","","","","","","","","","","","","","","","","","","","","","","","","","","","","","","","","","","","","","","","","","","","","","","","","","6.28218751000266","","","","","","6.01374891992505","","","",
"Pakistan","PAK","Total alcohol consumption per capita (liters of pure alcohol, projected estimates, 15+ years of age)","SH.ALC.PCAP.LI","","","","","","","","","","","","","","","","","","","","","","","","","","","","","","","","","","","","","","","","","","","","","","","","","","","0.2","","","","","","0.3","","","",
"Panama","PAN","Total alcohol consumption per capita (liters of pure alcohol, projected estimates, 15+ years of age)","SH.ALC.PCAP.LI","","","","","","","","","","","","","","","","","","","","","","","","","","","","","","","","","","","","","","","","","","","","","","","","","","","7.7","","","","","","7.9","","","",
"Peru","PER","Total alcohol consumption per capita (liters of pure alcohol, projected estimates, 15+ years of age)","SH.ALC.PCAP.LI","","","","","","","","","","","","","","","","","","","","","","","","","","","","","","","","","","","","","","","","","","","","","","","","","","","8","","","","","","6.3","","","",
"Philippines","PHL","Total alcohol consumption per capita (liters of pure alcohol, projected estimates, 15+ years of age)","SH.ALC.PCAP.LI","","","","","","","","","","","","","","","","","","","","","","","","","","","","","","","","","","","","","","","","","","","","","","","","","","","7.1","","","","","","6.6","","","",
"Palau","PLW","Total alcohol consumption per capita (liters of pure alcohol, projected estimates, 15+ years of age)","SH.ALC.PCAP.LI","","","","","","","","","","","","","","","","","","","","","","","","","","","","","","","","","","","","","","","","","","","","","","","","","","","","","","","","","","","","",
"Papua New Guinea","PNG","Total alcohol consumption per capita (liters of pure alcohol, projected estimates, 15+ years of age)","SH.ALC.PCAP.LI","","","","","","","","","","","","","","","","","","","","","","","","","","","","","","","","","","","","","","","","","","","","","","","","","","","1.7","","","","","","1.2","","","",
"Poland","POL","Total alcohol consumption per capita (liters of pure alcohol, projected estimates, 15+ years of age)","SH.ALC.PCAP.LI","","","","","","","","","","","","","","","","","","","","","","","","","","","","","","","","","","","","","","","","","","","","","","","","","","","11.4","","","","","","11.6","","","",
"Pre-demographic dividend","PRE","Total alcohol consumption per capita (liters of pure alcohol, projected estimates, 15+ years of age)","SH.ALC.PCAP.LI","","","","","","","","","","","","","","","","","","","","","","","","","","","","","","","","","","","","","","","","","","","","","","","","","","","5.8898890929268","","","","","","5.99514925776025","","","",
"Puerto Rico","PRI","Total alcohol consumption per capita (liters of pure alcohol, projected estimates, 15+ years of age)","SH.ALC.PCAP.LI","","","","","","","","","","","","","","","","","","","","","","","","","","","","","","","","","","","","","","","","","","","","","","","","","","","","","","","","","","","","",
"Korea, Dem. People’s Rep.","PRK","Total alcohol consumption per capita (liters of pure alcohol, projected estimates, 15+ years of age)","SH.ALC.PCAP.LI","","","","","","","","","","","","","","","","","","","","","","","","","","","","","","","","","","","","","","","","","","","","","","","","","","","3.8","","","","","","3.9","","","",
"Portugal","PRT","Total alcohol consumption per capita (liters of pure alcohol, projected estimates, 15+ years of age)","SH.ALC.PCAP.LI","","","","","","","","","","","","","","","","","","","","","","","","","","","","","","","","","","","","","","","","","","","","","","","","","","","13.5","","","","","","12.3","","","",
"Paraguay","PRY","Total alcohol consumption per capita (liters of pure alcohol, projected estimates, 15+ years of age)","SH.ALC.PCAP.LI","","","","","","","","","","","","","","","","","","","","","","","","","","","","","","","","","","","","","","","","","","","","","","","","","","","8.2","","","","","","7.2","","","",
"West Bank and Gaza","PSE","Total alcohol consumption per capita (liters of pure alcohol, projected estimates, 15+ years of age)","SH.ALC.PCAP.LI","","","","","","","","","","","","","","","","","","","","","","","","","","","","","","","","","","","","","","","","","","","","","","","","","","","","","","","","","","","","",
"Pacific island small states","PSS","Total alcohol consumption per capita (liters of pure alcohol, projected estimates, 15+ years of age)","SH.ALC.PCAP.LI","","","","","","","","","","","","","","","","","","","","","","","","","","","","","","","","","","","","","","","","","","","","","","","","","","","2.34953074557865","","","","","","2.11383589599809","","","",
"Post-demographic dividend","PST","Total alcohol consumption per capita (liters of pure alcohol, projected estimates, 15+ years of age)","SH.ALC.PCAP.LI","","","","","","","","","","","","","","","","","","","","","","","","","","","","","","","","","","","","","","","","","","","","","","","","","","","10.2083277347101","","","","","","10.0413086862836","","","",
"French Polynesia","PYF","Total alcohol consumption per capita (liters of pure alcohol, projected estimates, 15+ years of age)","SH.ALC.PCAP.LI","","","","","","","","","","","","","","","","","","","","","","","","","","","","","","","","","","","","","","","","","","","","","","","","","","","","","","","","","","","","",
"Qatar","QAT","Total alcohol consumption per capita (liters of pure alcohol, projected estimates, 15+ years of age)","SH.ALC.PCAP.LI","","","","","","","","","","","","","","","","","","","","","","","","","","","","","","","","","","","","","","","","","","","","","","","","","","","1.7","","","","","","2","","","",
"Romania","ROU","Total alcohol consumption per capita (liters of pure alcohol, projected estimates, 15+ years of age)","SH.ALC.PCAP.LI","","","","","","","","","","","","","","","","","","","","","","","","","","","","","","","","","","","","","","","","","","","","","","","","","","","15","","","","","","12.7","","","",
"Russian Federation","RUS","Total alcohol consumption per capita (liters of pure alcohol, projected estimates, 15+ years of age)","SH.ALC.PCAP.LI","","","","","","","","","","","","","","","","","","","","","","","","","","","","","","","","","","","","","","","","","","","","","","","","","","","15.8","","","","","","11.7","","","",
"Rwanda","RWA","Total alcohol consumption per capita (liters of pure alcohol, projected estimates, 15+ years of age)","SH.ALC.PCAP.LI","","","","","","","","","","","","","","","","","","","","","","","","","","","","","","","","","","","","","","","","","","","","","","","","","","","10.3","","","","","","9","","","",
"South Asia","SAS","Total alcohol consumption per capita (liters of pure alcohol, projected estimates, 15+ years of age)","SH.ALC.PCAP.LI","","","","","","","","","","","","","","","","","","","","","","","","","","","","","","","","","","","","","","","","","","","","","","","","","","","3.42381008990599","","","","","","4.46181759171354","","","",
"Saudi Arabia","SAU","Total alcohol consumption per capita (liters of pure alcohol, projected estimates, 15+ years of age)","SH.ALC.PCAP.LI","","","","","","","","","","","","","","","","","","","","","","","","","","","","","","","","","","","","","","","","","","","","","","","","","","","0.2","","","","","","0.2","","","",
"Sudan","SDN","Total alcohol consumption per capita (liters of pure alcohol, projected estimates, 15+ years of age)","SH.ALC.PCAP.LI","","","","","","","","","","","","","","","","","","","","","","","","","","","","","","","","","","","","","","","","","","","","","","","","","","","0.5","","","","","","0.5","","","",
"Senegal","SEN","Total alcohol consumption per capita (liters of pure alcohol, projected estimates, 15+ years of age)","SH.ALC.PCAP.LI","","","","","","","","","","","","","","","","","","","","","","","","","","","","","","","","","","","","","","","","","","","","","","","","","","","0.6","","","","","","0.7","","","",
"Singapore","SGP","Total alcohol consumption per capita (liters of pure alcohol, projected estimates, 15+ years of age)","SH.ALC.PCAP.LI","","","","","","","","","","","","","","","","","","","","","","","","","","","","","","","","","","","","","","","","","","","","","","","","","","","2.2","","","","","","2","","","",
"Solomon Islands","SLB","Total alcohol consumption per capita (liters of pure alcohol, projected estimates, 15+ years of age)","SH.ALC.PCAP.LI","","","","","","","","","","","","","","","","","","","","","","","","","","","","","","","","","","","","","","","","","","","","","","","","","","","1.6","","","","","","1.4","","","",
"Sierra Leone","SLE","Total alcohol consumption per capita (liters of pure alcohol, projected estimates, 15+ years of age)","SH.ALC.PCAP.LI","","","","","","","","","","","","","","","","","","","","","","","","","","","","","","","","","","","","","","","","","","","","","","","","","","","6","","","","","","5.7","","","",
"El Salvador","SLV","Total alcohol consumption per capita (liters of pure alcohol, projected estimates, 15+ years of age)","SH.ALC.PCAP.LI","","","","","","","","","","","","","","","","","","","","","","","","","","","","","","","","","","","","","","","","","","","","","","","","","","","3.3","","","","","","3.8","","","",
"San Marino","SMR","Total alcohol consumption per capita (liters of pure alcohol, projected estimates, 15+ years of age)","SH.ALC.PCAP.LI","","","","","","","","","","","","","","","","","","","","","","","","","","","","","","","","","","","","","","","","","","","","","","","","","","","","","","","","","","","","",
"Somalia","SOM","Total alcohol consumption per capita (liters of pure alcohol, projected estimates, 15+ years of age)","SH.ALC.PCAP.LI","","","","","","","","","","","","","","","","","","","","","","","","","","","","","","","","","","","","","","","","","","","","","","","","","","","0.5","","","","","","0","","","",
"Serbia","SRB","Total alcohol consumption per capita (liters of pure alcohol, projected estimates, 15+ years of age)","SH.ALC.PCAP.LI","","","","","","","","","","","","","","","","","","","","","","","","","","","","","","","","","","","","","","","","","","","","","","","","","","","11.7","","","","","","11.1","","","",
"Sub-Saharan Africa (excluding high income)","SSA","Total alcohol consumption per capita (liters of pure alcohol, projected estimates, 15+ years of age)","SH.ALC.PCAP.LI","","","","","","","","","","","","","","","","","","","","","","","","","","","","","","","","","","","","","","","","","","","","","","","","","","","6.37512751250403","","","","","","6.26307398337997","","","",
"South Sudan","SSD","Total alcohol consumption per capita (liters of pure alcohol, projected estimates, 15+ years of age)","SH.ALC.PCAP.LI","","","","","","","","","","","","","","","","","","","","","","","","","","","","","","","","","","","","","","","","","","","","","","","","","","","","","","","","","","","","",
"Sub-Saharan Africa","SSF","Total alcohol consumption per capita (liters of pure alcohol, projected estimates, 15+ years of age)","SH.ALC.PCAP.LI","","","","","","","","","","","","","","","","","","","","","","","","","","","","","","","","","","","","","","","","","","","","","","","","","","","6.3751167436795","","","","","","6.26379592475504","","","",
"Small states","SST","Total alcohol consumption per capita (liters of pure alcohol, projected estimates, 15+ years of age)","SH.ALC.PCAP.LI","","","","","","","","","","","","","","","","","","","","","","","","","","","","","","","","","","","","","","","","","","","","","","","","","","","5.89156910686781","","","","","","5.80585261384673","","","",
"Sao Tome and Principe","STP","Total alcohol consumption per capita (liters of pure alcohol, projected estimates, 15+ years of age)","SH.ALC.PCAP.LI","","","","","","","","","","","","","","","","","","","","","","","","","","","","","","","","","","","","","","","","","","","","","","","","","","","8.3","","","","","","6.8","","","",
"Suriname","SUR","Total alcohol consumption per capita (liters of pure alcohol, projected estimates, 15+ years of age)","SH.ALC.PCAP.LI","","","","","","","","","","","","","","","","","","","","","","","","","","","","","","","","","","","","","","","","","","","","","","","","","","","6.3","","","","","","5.1","","","",
"Slovak Republic","SVK","Total alcohol consumption per capita (liters of pure alcohol, projected estimates, 15+ years of age)","SH.ALC.PCAP.LI","","","","","","","","","","","","","","","","","","","","","","","","","","","","","","","","","","","","","","","","","","","","","","","","","","","11.9","","","","","","11.5","","","",
"Slovenia","SVN","Total alcohol consumption per capita (liters of pure alcohol, projected estimates, 15+ years of age)","SH.ALC.PCAP.LI","","","","","","","","","","","","","","","","","","","","","","","","","","","","","","","","","","","","","","","","","","","","","","","","","","","11.5","","","","","","12.6","","","",
"Sweden","SWE","Total alcohol consumption per capita (liters of pure alcohol, projected estimates, 15+ years of age)","SH.ALC.PCAP.LI","","","","","","","","","","","","","","","","","","","","","","","","","","","","","","","","","","","","","","","","","","","","","","","","","","","9.5","","","","","","9.2","","","",
"Eswatini","SWZ","Total alcohol consumption per capita (liters of pure alcohol, projected estimates, 15+ years of age)","SH.ALC.PCAP.LI","","","","","","","","","","","","","","","","","","","","","","","","","","","","","","","","","","","","","","","","","","","","","","","","","","","6.8","","","","","","9.9","","","",
"Sint Maarten (Dutch part)","SXM","Total alcohol consumption per capita (liters of pure alcohol, projected estimates, 15+ years of age)","SH.ALC.PCAP.LI","","","","","","","","","","","","","","","","","","","","","","","","","","","","","","","","","","","","","","","","","","","","","","","","","","","","","","","","","","","","",
"Seychelles","SYC","Total alcohol consumption per capita (liters of pure alcohol, projected estimates, 15+ years of age)","SH.ALC.PCAP.LI","","","","","","","","","","","","","","","","","","","","","","","","","","","","","","","","","","","","","","","","","","","","","","","","","","","6.3","","","","","","12","","","",
"Syrian Arab Republic","SYR","Total alcohol consumption per capita (liters of pure alcohol, projected estimates, 15+ years of age)","SH.ALC.PCAP.LI","","","","","","","","","","","","","","","","","","","","","","","","","","","","","","","","","","","","","","","","","","","","","","","","","","","0.9","","","","","","0.3","","","",
"Turks and Caicos Islands","TCA","Total alcohol consumption per capita (liters of pure alcohol, projected estimates, 15+ years of age)","SH.ALC.PCAP.LI","","","","","","","","","","","","","","","","","","","","","","","","","","","","","","","","","","","","","","","","","","","","","","","","","","","","","","","","","","","","",
"Chad","TCD","Total alcohol consumption per capita (liters of pure alcohol, projected estimates, 15+ years of age)","SH.ALC.PCAP.LI","","","","","","","","","","","","","","","","","","","","","","","","","","","","","","","","","","","","","","","","","","","","","","","","","","","4.9","","","","","","1.6","","","",
"East Asia & Pacific (IDA & IBRD countries)","TEA","Total alcohol consumption per capita (liters of pure alcohol, projected estimates, 15+ years of age)","SH.ALC.PCAP.LI","","","","","","","","","","","","","","","","","","","","","","","","","","","","","","","","","","","","","","","","","","","","","","","","","","","6.08105585332283","","","","","","6.33956350346432","","","",
"Europe & Central Asia (IDA & IBRD countries)","TEC","Total alcohol consumption per capita (liters of pure alcohol, projected estimates, 15+ years of age)","SH.ALC.PCAP.LI","","","","","","","","","","","","","","","","","","","","","","","","","","","","","","","","","","","","","","","","","","","","","","","","","","","11.2106903231859","","","","","","8.4706479844763","","","",
"Togo","TGO","Total alcohol consumption per capita (liters of pure alcohol, projected estimates, 15+ years of age)","SH.ALC.PCAP.LI","","","","","","","","","","","","","","","","","","","","","","","","","","","","","","","","","","","","","","","","","","","","","","","","","","","2.5","","","","","","3.1","","","",
"Thailand","THA","Total alcohol consumption per capita (liters of pure alcohol, projected estimates, 15+ years of age)","SH.ALC.PCAP.LI","","","","","","","","","","","","","","","","","","","","","","","","","","","","","","","","","","","","","","","","","","","","","","","","","","","7.7","","","","","","8.3","","","",
"Tajikistan","TJK","Total alcohol consumption per capita (liters of pure alcohol, projected estimates, 15+ years of age)","SH.ALC.PCAP.LI","","","","","","","","","","","","","","","","","","","","","","","","","","","","","","","","","","","","","","","","","","","","","","","","","","","2.4","","","","","","3.3","","","",
"Turkmenistan","TKM","Total alcohol consumption per capita (liters of pure alcohol, projected estimates, 15+ years of age)","SH.ALC.PCAP.LI","","","","","","","","","","","","","","","","","","","","","","","","","","","","","","","","","","","","","","","","","","","","","","","","","","","6","","","","","","5.4","","","",
"Latin America & the Caribbean (IDA & IBRD countries)","TLA","Total alcohol consumption per capita (liters of pure alcohol, projected estimates, 15+ years of age)","SH.ALC.PCAP.LI","","","","","","","","","","","","","","","","","","","","","","","","","","","","","","","","","","","","","","","","","","","","","","","","","","","7.5487231338375","","","","","","6.94227776525068","","","",
"Timor-Leste","TLS","Total alcohol consumption per capita (liters of pure alcohol, projected estimates, 15+ years of age)","SH.ALC.PCAP.LI","","","","","","","","","","","","","","","","","","","","","","","","","","","","","","","","","","","","","","","","","","","","","","","","","","","0.7","","","","","","2.1","","","",
"Middle East & North Africa (IDA & IBRD countries)","TMN","Total alcohol consumption per capita (liters of pure alcohol, projected estimates, 15+ years of age)","SH.ALC.PCAP.LI","","","","","","","","","","","","","","","","","","","","","","","","","","","","","","","","","","","","","","","","","","","","","","","","","","","0.732726835948136","","","","","","0.669370744751502","","","",
"Tonga","TON","Total alcohol consumption per capita (liters of pure alcohol, projected estimates, 15+ years of age)","SH.ALC.PCAP.LI","","","","","","","","","","","","","","","","","","","","","","","","","","","","","","","","","","","","","","","","","","","","","","","","","","","1.4","","","","","","1.5","","","",
"South Asia (IDA & IBRD)","TSA","Total alcohol consumption per capita (liters of pure alcohol, projected estimates, 15+ years of age)","SH.ALC.PCAP.LI","","","","","","","","","","","","","","","","","","","","","","","","","","","","","","","","","","","","","","","","","","","","","","","","","","","3.42381008990599","","","","","","4.46181759171354","","","",
"Sub-Saharan Africa (IDA & IBRD countries)","TSS","Total alcohol consumption per capita (liters of pure alcohol, projected estimates, 15+ years of age)","SH.ALC.PCAP.LI","","","","","","","","","","","","","","","","","","","","","","","","","","","","","","","","","","","","","","","","","","","","","","","","","","","6.3751167436795","","","","","","6.26379592475504","","","",
"Trinidad and Tobago","TTO","Total alcohol consumption per capita (liters of pure alcohol, projected estimates, 15+ years of age)","SH.ALC.PCAP.LI","","","","","","","","","","","","","","","","","","","","","","","","","","","","","","","","","","","","","","","","","","","","","","","","","","","6.7","","","","","","8.4","","","",
"Tunisia","TUN","Total alcohol consumption per capita (liters of pure alcohol, projected estimates, 15+ years of age)","SH.ALC.PCAP.LI","","","","","","","","","","","","","","","","","","","","","","","","","","","","","","","","","","","","","","","","","","","","","","","","","","","1.4","","","","","","1.9","","","",
"Turkey","TUR","Total alcohol consumption per capita (liters of pure alcohol, projected estimates, 15+ years of age)","SH.ALC.PCAP.LI","","","","","","","","","","","","","","","","","","","","","","","","","","","","","","","","","","","","","","","","","","","","","","","","","","","2.2","","","","","","2","","","",
"Tuvalu","TUV","Total alcohol consumption per capita (liters of pure alcohol, projected estimates, 15+ years of age)","SH.ALC.PCAP.LI","","","","","","","","","","","","","","","","","","","","","","","","","","","","","","","","","","","","","","","","","","","","","","","","","","","1.7","","","","","","1.7","","","",
"Tanzania","TZA","Total alcohol consumption per capita (liters of pure alcohol, projected estimates, 15+ years of age)","SH.ALC.PCAP.LI","","","","","","","","","","","","","","","","","","","","","","","","","","","","","","","","","","","","","","","","","","","","","","","","","","","9.7","","","","","","9.4","","","",
"Uganda","UGA","Total alcohol consumption per capita (liters of pure alcohol, projected estimates, 15+ years of age)","SH.ALC.PCAP.LI","","","","","","","","","","","","","","","","","","","","","","","","","","","","","","","","","","","","","","","","","","","","","","","","","","","13.2","","","","","","9.5","","","",
"Ukraine","UKR","Total alcohol consumption per capita (liters of pure alcohol, projected estimates, 15+ years of age)","SH.ALC.PCAP.LI","","","","","","","","","","","","","","","","","","","","","","","","","","","","","","","","","","","","","","","","","","","","","","","","","","","14.3","","","","","","8.6","","","",
"Upper middle income","UMC","Total alcohol consumption per capita (liters of pure alcohol, projected estimates, 15+ years of age)","SH.ALC.PCAP.LI","","","","","","","","","","","","","","","","","","","","","","","","","","","","","","","","","","","","","","","","","","","","","","","","","","","7.38575389621876","","","","","","6.91679398509816","","","",
"Uruguay","URY","Total alcohol consumption per capita (liters of pure alcohol, projected estimates, 15+ years of age)","SH.ALC.PCAP.LI","","","","","","","","","","","","","","","","","","","","","","","","","","","","","","","","","","","","","","","","","","","","","","","","","","","9.2","","","","","","10.8","","","",
"United States","USA","Total alcohol consumption per capita (liters of pure alcohol, projected estimates, 15+ years of age)","SH.ALC.PCAP.LI","","","","","","","","","","","","","","","","","","","","","","","","","","","","","","","","","","","","","","","","","","","","","","","","","","","9.3","","","","","","9.8","","","",
"Uzbekistan","UZB","Total alcohol consumption per capita (liters of pure alcohol, projected estimates, 15+ years of age)","SH.ALC.PCAP.LI","","","","","","","","","","","","","","","","","","","","","","","","","","","","","","","","","","","","","","","","","","","","","","","","","","","3.2","","","","","","2.7","","","",
"St. Vincent and the Grenadines","VCT","Total alcohol consumption per capita (liters of pure alcohol, projected estimates, 15+ years of age)","SH.ALC.PCAP.LI","","","","","","","","","","","","","","","","","","","","","","","","","","","","","","","","","","","","","","","","","","","","","","","","","","","6.8","","","","","","8.2","","","",
"Venezuela, RB","VEN","Total alcohol consumption per capita (liters of pure alcohol, projected estimates, 15+ years of age)","SH.ALC.PCAP.LI","","","","","","","","","","","","","","","","","","","","","","","","","","","","","","","","","","","","","","","","","","","","","","","","","","","8.5","","","","","","5.6","","","",
"British Virgin Islands","VGB","Total alcohol consumption per capita (liters of pure alcohol, projected estimates, 15+ years of age)","SH.ALC.PCAP.LI","","","","","","","","","","","","","","","","","","","","","","","","","","","","","","","","","","","","","","","","","","","","","","","","","","","","","","","","","","","","",
"Virgin Islands (U.S.)","VIR","Total alcohol consumption per capita (liters of pure alcohol, projected estimates, 15+ years of age)","SH.ALC.PCAP.LI","","","","","","","","","","","","","","","","","","","","","","","","","","","","","","","","","","","","","","","","","","","","","","","","","","","","","","","","","","","","",
"Vietnam","VNM","Total alcohol consumption per capita (liters of pure alcohol, projected estimates, 15+ years of age)","SH.ALC.PCAP.LI","","","","","","","","","","","","","","","","","","","","","","","","","","","","","","","","","","","","","","","","","","","","","","","","","","","4.7","","","","","","8.4","","","",
"Vanuatu","VUT","Total alcohol consumption per capita (liters of pure alcohol, projected estimates, 15+ years of age)","SH.ALC.PCAP.LI","","","","","","","","","","","","","","","","","","","","","","","","","","","","","","","","","","","","","","","","","","","","","","","","","","","1.1","","","","","","1","","","",
"World","WLD","Total alcohol consumption per capita (liters of pure alcohol, projected estimates, 15+ years of age)","SH.ALC.PCAP.LI","","","","","","","","","","","","","","","","","","","","","","","","","","","","","","","","","","","","","","","","","","","","","","","","","","","6.36500624485472","","","","","","6.37966176957522","","","",
"Samoa","WSM","Total alcohol consumption per capita (liters of pure alcohol, projected estimates, 15+ years of age)","SH.ALC.PCAP.LI","","","","","","","","","","","","","","","","","","","","","","","","","","","","","","","","","","","","","","","","","","","","","","","","","","","3","","","","","","2.5","","","",
"Kosovo","XKX","Total alcohol consumption per capita (liters of pure alcohol, projected estimates, 15+ years of age)","SH.ALC.PCAP.LI","","","","","","","","","","","","","","","","","","","","","","","","","","","","","","","","","","","","","","","","","","","","","","","","","","","","","","","","","","","","",
"Yemen, Rep.","YEM","Total alcohol consumption per capita (liters of pure alcohol, projected estimates, 15+ years of age)","SH.ALC.PCAP.LI","","","","","","","","","","","","","","","","","","","","","","","","","","","","","","","","","","","","","","","","","","","","","","","","","","","0.2","","","","","","0.1","","","",
"South Africa","ZAF","Total alcohol consumption per capita (liters of pure alcohol, projected estimates, 15+ years of age)","SH.ALC.PCAP.LI","","","","","","","","","","","","","","","","","","","","","","","","","","","","","","","","","","","","","","","","","","","","","","","","","","","10.5","","","","","","9.3","","","",
"Zambia","ZMB","Total alcohol consumption per capita (liters of pure alcohol, projected estimates, 15+ years of age)","SH.ALC.PCAP.LI","","","","","","","","","","","","","","","","","","","","","","","","","","","","","","","","","","","","","","","","","","","","","","","","","","","4.5","","","","","","4.8","","","",
"Zimbabwe","ZWE","Total alcohol consumption per capita (liters of pure alcohol, projected estimates, 15+ years of age)","SH.ALC.PCAP.LI","","","","","","","","","","","","","","","","","","","","","","","","","","","","","","","","","","","","","","","","","","","","","","","","","","","3.5","","","","","","4.8","","","",
